related,score,word
at work,100,work
telecommuting,60,work
social work,55,work
work out,55,work
work permit,35,work
Rihanna,35,work
social work,30,work
work from home,25,work
work quotes,10,work
work experience,10,work
work boots,10,work
"work hard, play hard",10,work
team work,5,work
Iggy Azalea,5,work
thursday night football,100,thursday
football thursday,70,thursday
maundy thursday,20,thursday
thursday weather,15,thursday
NFL,10,thursday
schedule,10,thursday
throwback thursday,10,thursday
happy thursday,5,thursday
holy thursday,5,thursday
thursday specials,5,thursday
thursday morning,5,thursday
nightclub,5,thursday
American football,5,thursday
la mama,100,mama
mother,100,mama
mama papa,35,mama
yo mama,30,mama
mama lyrics,30,mama
baby mama,30,mama
mama jokes,25,mama
hey mama,25,mama
big mama,25,mama
mama movie,20,mama
breast cancer,20,mama
maternal insult,20,mama
joke,15,mama
cooking mama,10,mama
mama said,10,mama
pizza mama,10,mama
Mamma Mia!,5,mama
Mnet Asian Music Awards,5,mama
Here comes Honey Boo Boo,5,mama
David Guetta,5,mama
good morning,100,good
good for you,50,good
good night,45,good
good food,35,good
good quotes,35,good
good time,30,good
good day,30,good
good movies,25,good
good luck,25,good
good life,25,good
The Good Wife,25,good
good friday,20,good
so good,20,good
good songs,20,good
feel good,20,good
good people,15,good
good games,15,good
good year,15,good
good times,15,good
The Good Guys,15,good
good evening,10,good
The Good Dinosaur,5,good
good afternoon,5,good
Goodreads,5,good
work colleague,100,colleague
colleague meaning,80,colleague
farewell,65,colleague
colleague definition,50,colleague
birthday,50,colleague
message,40,colleague
colleague leaving,35,colleague
office colleague,35,colleague
colleague quotes,30,colleague
letter,30,colleague
best colleague,25,colleague
birthday wishes,25,colleague
gift,20,colleague
goodbye colleague,20,colleague
coworker,15,colleague
spelling,15,colleague
retirement,15,colleague
friendship,10,colleague
collage,10,colleague
speech,10,colleague
crossword,5,colleague
plural,5,colleague
The Bold and the Beautiful,100,beautiful
beautiful girl,100,beautiful
beautiful lyrics,80,beautiful
What Makes You Beautiful,70,beautiful
beautiful women,55,beautiful
beautiful world,50,beautiful
beautiful life,35,beautiful
beautiful quotes,35,beautiful
you are beautiful,35,beautiful
beautiful images,35,beautiful
One Direction,35,beautiful
female,30,beautiful
A Beautiful Mind,30,beautiful
Beautiful Creatures,30,beautiful
beautiful woman,25,beautiful
young and beautiful,25,beautiful
earth,25,beautiful
beautiful day,20,beautiful
Lana Del Rey,10,beautiful
beautiful morning,5,beautiful
Mariah Carey,5,beautiful
#Beautiful,5,beautiful
scar,5,beautiful